net,length_um
_0548_,410.18
_0586_,314.91
net1,296.92
_0512_,294.29
_0324_,291.58
_0473_,288.61
_0514_,288.39
_0628_,288.045
_0273_,283.03
_0571_,279.75
_0509_,267.5
_0492_,265.39
_0224_,250.88
_0467_,250.18
_0620_,242.345
_0001_,238.305
_0582_,238.03
_0495_,231.81
_0518_,228.38
_0472_,227.2
_0552_,225.38
_0526_,224.49
_0669_,222.13
_0434_,221.9
_0470_,220.05
_0515_,220.04
_0476_,219.375
_0560_,219.13
_0546_,216.67
_0563_,215.02
_0507_,214.07
_0567_,212.74
_0485_,212.02
_0564_,210.92
_0260_,209.26
_0499_,209.09
net2,204.96
_0479_,202.67
_0611_,199.45
_0439_,198.2
_0576_,196.19
_0489_,194.46
_0240_,193.68
_0531_,193.06
_0542_,188.72
_0524_,187.99
_0629_,187.065
_0481_,186.13
_0272_,185.88
_0653_,181.9
_0639_,181.87
_0589_,174.755
_0558_,172.14
_0487_,171.8
_0469_,171.22
_0675_,170.88
_0504_,168.46
_0604_,167.49
_0630_,166.14
_0577_,162.855
_0565_,162.71
_0580_,156.18
_0680_,155.74
_0497_,154.72
_0541_,153.86
_0638_,153.37
_0641_,152.34
_0780_,150.26
_0573_,149.31
_0134_,149
_0574_,147.325
_0239_,146.69
_0584_,144.98
net13,144.62
_0737_,144.43
_0381_,144.1
_0534_,143.96
_0522_,143.54
_0734_,141.94
_0523_,141.6
_0119_,141.29
_0521_,140.38
_0503_,140.33
net31,137.6
net22,136.81
_0435_,136.655
_0498_,132.67
_0850_,132.1
_0277_,131.76
_0619_,131.545
_0774_,130.695
_0502_,129.1
_0568_,129.08
_0600_,128.9
_0796_,128.77
_0733_,128.72
_0188_,128.52
_0287_,125.085
_0625_,124.47
_0463_,124.32
_0661_,124.1
_0538_,122.8
_0248_,121.76
_0527_,119.27
_0753_,118.73
_0646_,116.29
_0478_,115.78
_0238_,115.76
_0484_,113.705
net25,112.6
_0795_,112.04
_0465_,111.24
_0508_,111
net19,110.96
_0109_,109.92
_0540_,109.24
_0180_,106.99
_0438_,106.88
_0449_,106.58
_0663_,105.86
_0773_,104.64
net18,103.8
_0750_,102.76
net28,102.32
_0443_,102.135
net12,101.73
_0857_,101.375
net29,100.94
net23,100.52
_0813_,99.16
_0483_,98.83
_0327_,98.52
_0862_,98.41
_0480_,97.32
_0642_,97.28
_0002_,96.88
_0835_,95.29
_0261_,95.22
_0712_,94.58
_0601_,94.08
_0445_,93.57
net14,92.925
_0409_,92.05
net27,91.76
_0592_,91.22
_0870_,90.24
_0881_,90.065
net20,89.555
net48,89.235
_0606_,87.455
_0643_,87.04
_0212_,86.88
net15,86.52
_0609_,85.92
net24,85.88
_0782_,85.59
_0408_,85.53
_0241_,84.32
net21,83.04
net9,82.56
_0229_,82.24
_0493_,82.16
_0664_,81.78
_0516_,81.62
_0583_,80.21
_0545_,79.36
_0798_,79.24
_0685_,79.22
_0651_,78.14
_0234_,77.42
_0844_,76.38
_0723_,76.195
_0631_,75.3
net16,75.29
_0689_,75.28
_0751_,75.2
_0868_,75.16
_0268_,75.025
_0707_,74.84
_0799_,74.62
_0867_,74.42
_0223_,74.38
_0217_,74.18
_0142_,73.91
_0219_,73.88
net45,73.845
_0874_,73.44
_0748_,73.36
_0608_,72.81
_0530_,72.58
net17,72.48
_0650_,72.14
_0818_,71.98
_0834_,71.24
_0536_,71.06
_0812_,71.03
_0887_,71
_0649_,70.52
_0614_,70.28
cam_mod_01.camera_init_01.data_send\[5\],69.8
_0793_,69.16
_0681_,67.91
_0255_,67.6
_0769_,67.6
_0829_,67.47
_0113_,66.92
_0547_,66.88
_0607_,66.84
_0505_,66.3
_0705_,66.18
_0269_,65.86
net10,65.27
_0535_,65.1
_0271_,63.98
_0722_,63.74
_0776_,62.86
_0735_,62.62
_0770_,62.29
_0595_,62.1
net30,61.92
_0474_,61.56
_0878_,61.56
_0662_,61.5
_0763_,61.01
sio_d_io,60.9
_0613_,60.86
_0235_,60.85
_0843_,60.78
_0496_,60.7
_0756_,60.48
_0202_,60.38
_0466_,60.34
_0880_,60.12
_0822_,59.98
_0824_,59.34
_0727_,59.32
_0448_,59.24
_0679_,58.84
_0220_,58.82
_0490_,58.46
_0820_,58.08
_0464_,57.955
_0216_,57.84
_0225_,57.48
_0106_,57.34
_0830_,57.31
_0665_,57.13
_0513_,57.04
cam_mod_01.camera_init_01.sender.data_temp\[3\],56.44
_0175_,56.26
_0864_,56.14
_0888_,56
_0195_,55.85
_0111_,55.58
_0855_,55.26
net5,55.22
_0107_,55.2
_0488_,55.1
cam_mod_01.camera_init_01.sender.count\[10\],55.1
_0221_,54.745
_0233_,54.2
_0821_,54.08
_0697_,53.71
_0105_,53.48
_0853_,53.39
_0164_,53
_0226_,52.65
_0556_,52.58
_0477_,52.08
_0140_,52
cam_mod_01.camera_init_01.init.count\[6\],51.98
net7,51.425
cam_mod_01.camera_init_01.data_send\[9\],51.32
_0550_,51.16
_0510_,51.02
_0717_,50.98
_0544_,50.9
_0575_,50.86
_0865_,50.84
_0228_,50.825
_0205_,50.78
cam_mod_01.camera_init_01.sender.count\[9\],50.71
_0471_,50.68
_0673_,50.56
_0706_,50.42
cam_mod_01.camera_init_01.init.count\[4\],50.36
_0621_,50.18
cam_mod_01.camera_init_01.init.count\[0\],50.18
cam_mod_01.camera_init_01.sender.count\[13\],50.14
_0593_,50.08
_0671_,49.68
_0704_,49.6
_0616_,49.18
vga_display_01.control.y_poi\[3\],48.92
_0232_,48.87
_0815_,47.58
_0846_,47.38
_0833_,46.7
_0732_,46.68
_0129_,46.6
_0657_,46.52
_0624_,46.32
_0655_,46.26
_0892_,46.04
_0559_,45.78
_0553_,45.38
net26,45.18
_0636_,45.08
_0852_,44.94
_0397_,44.71
_0783_,44.62
_0124_,44.06
_0222_,43.975
_0804_,43.96
cam_mod_01.camera_init_01.sender.count\[11\],43.8
_0731_,43.78
_0138_,43.74
_0786_,42.08
cam_mod_01.camera_init_01.sender.count\[14\],41.78
_0168_,41.71
_0146_,41.5
cam_mod_01.camera_init_01.sender.count\[0\],41.38
_0130_,41.24
_0754_,41.14
_0827_,40.09
_0152_,39.96
_0386_,39.64
_0160_,39.58
vga_display_01.control.y_poi\[11\],39.38
_0549_,39.17
_0554_,38.86
_0794_,38.76
_0156_,38.22
_0110_,38.215
_0230_,38.12
cam_mod_01.camera_init_01.sender.count\[15\],37.82
_0529_,37.74
cam_mod_01.camera_init_01.sender.count\[1\],37.38
net47,37.32
_0682_,36.66
_0572_,36.54
_0811_,36.36
_0359_,36.34
_0123_,36.14
cam_mod_01.camera_init_01.data_send\[2\],36.14
_0447_,36
_0199_,35.54
_0117_,35.38
_0838_,35.065
cam_mod_01.camera_init_01.init.count\[5\],34.53
_0350_,34.52
vga_display_01.control.y_poi\[9\],34.5
_0637_,34.46
_0517_,34.42
_0890_,34.38
vga_display_01.control.x_poi\[7\],34.24
_0561_,34.22
_0581_,34.1
vga_display_01.control.y_poi\[10\],34.06
cam_mod_01.camera_init_01.init.count\[7\],33.94
_0612_,33.78
_0161_,33.62
_0390_,33.42
_0259_,33.32
_0789_,33.06
_0368_,33.05
_0792_,32.82
cam_mod_01.camera_init_01.sender.count\[16\],32.8
cam_mod_01.camera_init_01.sender.count\[7\],32.62
cam_mod_01.camera_init_01.sender.count\[12\],32.555
vga_display_01.control.y_poi\[6\],32.54
_0166_,31.64
_0726_,31.5
_0883_,31.38
cam_mod_01.camera_init_01.sender.count\[4\],31.32
_0729_,31.2
_0884_,31.2
_0080_,31.125
vga_display_01.control.y_poi\[1\],31.09
cam_mod_01.camera_init_01.sender.count\[18\],30.8
vga_display_01.control.y_poi\[0\],30.7
_0840_,30.56
_0441_,30.44
_0879_,30.38
cam_mod_01.camera_init_01.data_send\[0\],30.3
_0378_,30.14
_0684_,30.14
_0805_,29.98
_0623_,29.74
_0807_,29.66
_0801_,29.62
_0809_,29.58
_0491_,29.52
vga_display_01.control.x_poi\[5\],29.22
_0482_,29.04
_0831_,29.02
_0494_,28.8
_0893_,28.8
_0331_,28.53
cam_mod_01.camera_init_01.sender.count\[17\],28.51
_0112_,28.5
_0211_,28.36
_0764_,28.04
vga_display_01.control.x_poi\[0\],28.04
_0557_,27.9
vga_display_01.control.y_poi\[7\],27.9
vga_display_01.control.x_poi\[9\],27.72
_0203_,27.7
_0837_,27.64
_0143_,27.46
_0126_,27.44
_0816_,27.32
_0533_,27.26
_0803_,26.8
_0842_,26.8
_0543_,26.56
_0579_,26.38
vga_display_01.control.y_poi\[2\],26.27
_0244_,26.2
_0762_,26.17
vga_display_01.control.x_poi\[4\],25.9
_0418_,25.78
_0891_,25.76
cam_mod_01.camera_init_01.sender.count\[8\],25.76
_0866_,25.72
_0424_,25.54
_0450_,25.54
_0155_,25.4
_0693_,25.36
_0133_,25.18
_0179_,25.08
_0858_,25.02
vga_display_01.control.y_poi\[8\],24.94
_0198_,24.74
_0187_,24.72
_0683_,24.72
cam_mod_01.camera_init_01.data_send\[10\],24.72
_0402_,24.56
_0654_,24.46
cam_mod_01.camera_init_01.data_send\[3\],24.38
net46,24.24
_0694_,24.2
vga_display_01.control.x_poi\[10\],24.06
_0242_,24.02
_0421_,23.96
_0342_,23.92
_0703_,23.7
cam_mod_01.camera_init_01.sender.count\[2\],23.7
_0696_,23.65
_0120_,23.58
_0178_,23.46
_0784_,23.14
cam_mod_01.camera_init_01.sender.data_temp\[26\],23.08
_0752_,23.06
_0176_,22.88
cam_mod_01.camera_init_01.data_send\[15\],22.88
cam_mod_01.camera_init_01.sender.data_temp\[12\],22.82
_0741_,22.68
_0118_,22.62
_0532_,22.62
_0658_,22.62
_0194_,22.46
_0695_,21.84
_0158_,21.76
_0845_,21.76
vga_display_01.control.y_poi\[4\],21.62
_0771_,21.58
_0182_,21.36
_0647_,21.36
_0537_,21.12
_0183_,21.04
_0190_,20.9
cam_mod_01.camera_init_01.sender.data_temp\[18\],20.78
_0169_,20.44
_0172_,20.3
_0859_,20.1
_0715_,19.8
cam_mod_01.camera_init_01.sender.data_temp\[20\],19.745
cam_mod_01.camera_init_01.data_send\[14\],19.7
_0237_,19.58
_0701_,19.4
_0171_,19.28
cam_mod_01.camera_init_01.sender.data_temp\[17\],19.26
cam_mod_01.camera_init_01.sender.count\[19\],19.12
vga_display_01.control.x_poi\[6\],18.7
_0800_,18.5
vga_display_01.control.x_poi\[11\],18.42
_0297_,18.38
_0765_,18.26
_0207_,18.14
_0708_,17.94
_0736_,17.88
cam_mod_01.camera_init_01.sender.data_temp\[8\],17.86
_0605_,17.58
_0213_,17.42
_0247_,17.42
_0806_,17.32
_0645_,17.3
_0747_,17.3
_0710_,17.26
_0151_,17.24
_0702_,17.24
_0077_,17.105
_0501_,17.04
_0687_,17.02
cam_mod_01.camera_init_01.sender.data_temp\[7\],17
cam_mod_01.camera_init_01.sender.count\[5\],16.98
_0691_,16.96
_0594_,16.78
_0861_,16.74
_0745_,16.68
cam_mod_01.camera_init_01.init.count\[2\],16.66
cam_mod_01.camera_init_01.init.count\[10\],16.64
_0667_,16.32
_0797_,16.24
cam_mod_01.camera_init_01.sender.data_temp\[5\],16.24
cam_mod_01.camera_init_01.sender.count\[3\],16.22
cam_mod_01.camera_init_01.sender.data_temp\[15\],16.18
_0863_,16.1
vga_display_01.control.x_poi\[1\],16.1
_0539_,16.08
_0208_,15.92
_0700_,15.82
cam_mod_01.camera_init_01.data_send\[12\],15.8
cam_mod_01.camera_init_01.data_send\[7\],15.72
_0775_,15.64
_0720_,15.58
cam_mod_01.camera_init_01.sender.data_temp\[29\],15.495
_0364_,15.38
cam_mod_01.camera_init_01.sender.data_temp\[24\],15.38
_0243_,15.28
_0670_,15.22
_0214_,15.215
cam_mod_01.camera_init_01.sender.data_temp\[30\],15.1
vga_display_01.control.x_poi\[8\],14.96
net3,14.955
_0644_,14.94
_0602_,14.6
_0698_,14.6
cam_mod_01.camera_init_01.sender.data_temp\[19\],14.56
cam_mod_01.camera_init_01.data_send\[1\],14.54
_0245_,14.52
_0690_,14.44
cam_mod_01.camera_init_01.data_send\[6\],14.3
_0757_,14.26
cam_mod_01.camera_init_01.init.count\[1\],14.26
cam_mod_01.camera_init_01.sender.data_temp\[10\],14.24
cam_mod_01.camera_init_01.sender.data_temp\[9\],14.24
cam_mod_01.camera_init_01.data_send\[11\],14.06
_0627_,14.04
_0848_,14.04
_0678_,14.02
cam_mod_01.camera_init_01.sender.data_temp\[23\],14.02
_0442_,14
_0714_,13.98
_0339_,13.96
cam_mod_01.camera_init_01.data_send\[4\],13.86
_0555_,13.84
_0406_,13.8
_0640_,13.8
_0394_,13.78
cam_mod_01.camera_init_01.sender.data_temp\[22\],13.78
_0562_,13.68
_0578_,13.68
_0814_,13.64
cam_mod_01.camera_init_01.sender.count\[20\],13.64
_0588_,13.54
vga_display_01.control.x_poi\[3\],13.4
_0132_,13.38
cam_mod_01.camera_init_01.sender.data_temp\[31\],13.36
_0430_,13.34
_0860_,13.3
_0038_,13.125
_0869_,13.08
cam_mod_01.camera_init_01.sender.data_temp\[6\],13.06
_0153_,13.04
_0375_,13.04
_0300_,12.92
_0626_,12.89
_0356_,12.84
_0721_,12.72
cam_mod_01.camera_init_01.data_send\[13\],12.6
_0354_,12.52
_0379_,12.52
_0453_,12.5
_0278_,12.48
net37,12.36
net42,12.36
net43,12.36
_0313_,12.32
_0215_,12.26
_0713_,12.22
_0148_,12.2
vga_xvalid,12.18
_0147_,12.16
net36,12.16
net34,12.09
_0847_,12.08
_0114_,11.96
_0587_,11.76
_0618_,11.72
cam_mod_01.camera_init_01.sender.data_temp\[25\],11.72
net4,11.7
_0170_,11.62
_0635_,11.6
_0346_,11.56
_0186_,11.46
sys_rst_i,11.44
_0808_,11.38
_0849_,11.38
cam_mod_01.camera_init_01.sender.count\[6\],11.335
_0668_,11.2
_0294_,11.14
_0876_,11.14
_0743_,11.04
_0785_,10.98
cam_mod_01.camera_init_01.init.count\[9\],10.96
vga_display_01.control.x_poi\[2\],10.83
_0388_,10.8
_0163_,10.78
net44,10.76
_0227_,10.74
cam_mod_01.camera_init_01.sender.data_temp\[16\],10.74
_0401_,10.7
_0791_,10.7
_0767_,10.56
vga_display_01.control.y_poi\[5\],10.52
_0810_,10.48
_0372_,10.46
_0882_,10.34
_0688_,10.32
_0253_,10.3
_0633_,10.12
_0486_,10.04
_0351_,9.8
_0603_,9.78
_0281_,9.68
_0759_,9.68
net39,9.64
_0383_,9.62
_0413_,9.62
_0231_,9.54
_0699_,9.5
_0591_,9.44
_0334_,9.4
_0382_,9.28
_0877_,9.22
_0506_,9.18
_0332_,9.16
_0617_,9.16
cam_mod_01.camera_init_01.init.count\[8\],9.04
_0314_,8.94
_0343_,8.9
_0376_,8.9
cam_mod_01.camera_init_01.data_send\[8\],8.9
cam_mod_01.camera_init_01.sender.data_temp\[4\],8.9
_0337_,8.88
_0192_,8.76
_0270_,8.76
cam_mod_01.camera_init_01.sender.data_temp\[13\],8.72
sys_clk_i,8.72
_0666_,8.62
_0889_,8.62
_0145_,8.6
_0826_,8.52
_0373_,8.5
cam_mod_01.camera_init_01.sender.data_temp\[27\],8.44
_0458_,8.38
_0841_,8.38
_0289_,8.3
_0674_,8.26
_0258_,8.18
_0585_,8.14
_0839_,8.06
sio_c_o,8.04
_0275_,7.98
_0596_,7.98
cam_mod_01.camera_init_01.sender.sccb_ok,7.88
_0236_,7.87
_0043_,7.865
_0425_,7.82
_0189_,7.72
_0254_,7.72
_0377_,7.68
_0788_,7.66
_0218_,7.64
cam_mod_01.camera_init_01.sender.data_temp\[2\],7.62
_0104_,7.52
_0330_,7.52
_0144_,7.48
_0659_,7.44
_0154_,7.38
_0088_,7.345
cam_mod_01.camera_init_01.sender.data_temp\[14\],7.34
_0692_,7.32
_0262_,7.22
_0264_,7.22
_0308_,7.22
_0817_,7.22
_0256_,7.2
_0299_,7.18
_0451_,7.18
_0460_,7.18
_0755_,7.18
cam_mod_01.camera_init_01.sender.data_temp\[28\],7.175
_0048_,7.165
_0345_,7.16
_0250_,7.12
_0102_,7.105
_0206_,7.1
_0395_,7.1
_0347_,7.08
_0399_,7.08
_0610_,7.08
cam_mod_01.camera_init_01.sender.data_temp\[21\],7.055
_0367_,7
net40,6.89
_0711_,6.86
_0452_,6.72
_0193_,6.64
_0462_,6.64
cam_mod_01.camera_init_01.sender.data_temp\[11\],6.605
_0291_,6.6
_0304_,6.6
_0362_,6.6
_0676_,6.58
_0121_,6.46
_0414_,6.44
_0719_,6.42
_0201_,6.4
_0191_,6.38
_0380_,6.38
_0599_,6.32
_0392_,6.26
_0455_,6.26
_0457_,6.26
_0053_,6.245
_0025_,6.225
vga_yvalid,6.21
_0122_,6.2
_0656_,6.18
_0823_,6.18
_0284_,6.14
_0348_,6.14
_0370_,6.14
_0410_,6.14
_0125_,6.04
_0437_,6.04
_0056_,6.025
_0894_,5.96
_0417_,5.92
_0335_,5.9
_0761_,5.9
_0310_,5.86
_0050_,5.765
_0100_,5.765
_0083_,5.725
_0302_,5.72
_0828_,5.72
_0854_,5.72
_0093_,5.705
_0311_,5.68
_0405_,5.58
_0461_,5.58
_0772_,5.58
net32,5.53
_0078_,5.505
_0551_,5.48
_0758_,5.48
_0875_,5.46
_0116_,5.38
_0366_,5.34
_0416_,5.34
_0456_,5.34
_0766_,5.34
net38,5.29
_0429_,5.26
_0090_,5.245
_0095_,5.245
_0141_,5.22
_0301_,5.22
_0329_,5.22
_0423_,5.22
_0433_,5.22
_0063_,5.18
_0321_,5.16
_0115_,5.12
_0274_,5.12
_0031_,5.045
_0149_,5.04
_0131_,5.02
_0724_,5.02
_0730_,5.02
_0210_,5
_0177_,4.94
_0411_,4.9
_0185_,4.88
_0265_,4.88
_0355_,4.88
net33,4.85
net35,4.85
_0072_,4.845
_0073_,4.845
_0135_,4.82
_0422_,4.82
_0598_,4.82
_0181_,4.8
_0290_,4.8
_0398_,4.8
_0427_,4.8
_0432_,4.8
_0677_,4.8
_0856_,4.8
net11,4.8
_0137_,4.76
_0292_,4.76
_0298_,4.76
cam_mod_01.camera_init_01.sender.sio_d_send,4.76
_0349_,4.7
_0739_,4.66
_0740_,4.66
_0319_,4.58
_0400_,4.58
_0407_,4.58
_0282_,4.54
_0768_,4.535
_0279_,4.48
_0285_,4.48
_0725_,4.48
_0742_,4.46
_0089_,4.445
_0511_,4.44
_0778_,4.44
cam_mod_01.camera_init_01.init.count\[3\],4.44
_0136_,4.42
_0403_,4.42
_0018_,4.385
_0062_,4.38
_0082_,4.38
_0320_,4.34
_0420_,4.34
_0746_,4.34
_0802_,4.34
_0288_,4.24
_0391_,4.14
_0459_,4.14
_0851_,4.14
_0165_,4.1
_0127_,4.02
_0139_,4.02
_0204_,4.02
_0393_,4
net41,3.93
xvclk_o,3.93
_0728_,3.9
_0296_,3.88
_0374_,3.88
_0468_,3.88
_0003_,3.865
_0007_,3.855
_0076_,3.805
_0057_,3.8
_0058_,3.8
_0022_,3.78
_0042_,3.78
_0060_,3.78
_0075_,3.78
_0096_,3.78
_0328_,3.68
_0173_,3.64
_0280_,3.64
_0419_,3.64
_0092_,3.635
_0174_,3.595
_0436_,3.57
_0885_,3.56
_0307_,3.54
_0352_,3.54
_0387_,3.52
_0787_,3.52
_0021_,3.515
_0000_,3.465
_0065_,3.465
_0108_,3.44
_0672_,3.44
_0779_,3.44
_0249_,3.42
_0252_,3.42
_0266_,3.42
_0276_,3.42
_0316_,3.42
_0385_,3.42
_0389_,3.42
_0415_,3.42
_0454_,3.42
_0570_,3.42
_0014_,3.405
_0017_,3.34
_0044_,3.32
_0074_,3.32
_0079_,3.225
_0709_,3.22
_0519_,3.2
_0716_,3.2
_0340_,3.19
_0040_,3.175
_0041_,3.175
_0209_,3.145
_0781_,3.11
_0064_,3.1
_0344_,3.1
_0444_,3.1
_0660_,3.1
_0760_,3.1
_0323_,3.08
_0738_,3.08
_0412_,3.06
_0013_,3.005
_0026_,3.005
_0039_,3.005
_0045_,3.005
_0267_,2.98
_0295_,2.98
_0341_,2.98
_0361_,2.98
_0322_,2.96
_0326_,2.96
_0024_,2.955
_0008_,2.945
_0009_,2.945
_0033_,2.945
_0049_,2.945
_0046_,2.895
_0016_,2.885
_0032_,2.86
_0097_,2.86
_0103_,2.86
_0363_,2.86
_0832_,2.86
_0019_,2.785
_0029_,2.785
_0055_,2.785
_0071_,2.765
_0590_,2.76
_0632_,2.76
_0597_,2.74
_0777_,2.74
_0825_,2.74
_0162_,2.72
_0023_,2.715
_0070_,2.715
_0251_,2.62
_0500_,2.62
_0520_,2.62
_0652_,2.62
_0790_,2.62
_0004_,2.585
_0010_,2.585
_0091_,2.585
_0099_,2.585
_0006_,2.545
_0012_,2.545
_0037_,2.545
_0084_,2.545
_0196_,2.52
_0475_,2.52
_0566_,2.52
_0686_,2.5
_0052_,2.485
_0333_,2.48
_0035_,2.325
_0054_,2.325
_0067_,2.325
_0081_,2.325
_0087_,2.325
_0283_,2.3
_0303_,2.3
_0306_,2.3
_0309_,2.3
_0318_,2.3
_0358_,2.3
_0428_,2.3
_0431_,2.3
_0836_,2.3
_0886_,2.3
_0873_,2.28
_0020_,2.255
_0036_,2.255
_0098_,2.255
_0525_,2.18
_0872_,2.18
net6,2.18
_0634_,2.16
_0068_,2.125
_0094_,2.125
_0034_,2.085
_0066_,2.085
_0051_,2.08
_0005_,2.06
_0028_,2.06
_0030_,2.06
_0263_,2.06
_0426_,2.06
_0615_,2.06
net8,2.04
_0718_,1.95
_0086_,1.92
_0069_,1.895
_0015_,1.865
_0027_,1.865
_0047_,1.865
_0059_,1.865
_0061_,1.865
_0085_,1.865
_0101_,1.865
_0128_,1.82
_0150_,1.82
_0336_,1.81
_0819_,1.72
_0357_,1.7
_0384_,1.7
_0404_,1.7
_0528_,1.7
_0648_,1.7
_0325_,1.68
_0365_,1.68
_0369_,1.68
_0622_,1.63
_0184_,1.48
_0257_,1.48
_0312_,1.48
_0315_,1.48
_0011_,1.405
_0159_,1.38
_0200_,1.38
_0286_,1.38
_0293_,1.38
_0305_,1.38
_0317_,1.38
_0338_,1.38
_0353_,1.38
_0371_,1.38
_0446_,1.38
_0440_,1.36
_0246_,1.26
_0871_,1.26
_0197_,1.14
_0360_,1.1
_0744_,1.02
_0749_,1.02
_0396_,0.92
_0569_,0.92
_0167_,0.8
_0157_,0.46
